{
  "Madrid": [40.416775, -3.70379],
  "Escorial": [40.592352, -4.14713],
  "\u00c1vila": [40.656501, -4.700518],
  "Plasencia": [40.030226, -6.088307],
  "Jerte": [40.213, -5.786],
  "Herv\u00e1s": [40.236, -6.291],
  "Granadilla": [40.244, -5.987],
  "Monsanto": [39.965, -7.233],
  "San Mart\u00edn": [40.123, -6.0],
  "C\u00e1ceres": [39.476, -6.372],
  "Alburquerque": [38.896, -6.84],
  "Barruecos": [39.461, -6.386],
  "Dehesa": [39.5, -6.3],
  "Trujillo": [39.459, -5.912],
  "Guadalupe": [39.456, -5.705],
  "M\u00e9rida": [38.915, -6.333],
  "Elvas": [38.893, -7.165],
  "Badajoz": [38.879, -6.97],
  "Campo Maior": [38.771, -7.148],
  "Juromenha": [38.681, -7.471],
  "Vila Vi\u00e7osa": [38.763, -7.449],
  "\u00c9vora": [38.566, -7.907],
  "Monsaraz": [38.429, -7.412],
  "Jerez de los Caballeros": [38.589, -6.889],
  "San Mart\u00edn de Trevejo": [40.2883, -6.6644],
  "Zafra": [38.423, -6.421],
  "Set\u00fabal": [38.524, -8.887],
  "Sesimbra": [38.483, -9.085],
  "Lisboa": [38.722252, -9.139337]
}